{
  "status": "success",
  "message": "Loaded successfully",
  "data": [
    {
      "id": "13",
      "project_id": "5",
      "name": "Recipes",
      "slug": "recipes",
      "description": "Delicious recipes to try at home.",
      "parent_id": null,
      "sort_order": "0",
      "meta_title": null,
      "meta_description": null,
      "schema_data": null,
      "status": "active",
      "created_at": "2025-06-02 14:41:29",
      "updated_at": "2025-06-02 14:41:29",
      "post_count": "0"
    },
    {
      "id": "12",
      "project_id": "5",
      "name": "Restaurants",
      "slug": "restaurants",
      "description": "Restaurant reviews and recommendations.",
      "parent_id": null,
      "sort_order": "0",
      "meta_title": null,
      "meta_description": null,
      "schema_data": null,
      "status": "active",
      "created_at": "2025-06-02 14:41:29",
      "updated_at": "2025-06-02 14:41:29",
      "post_count": "1"
    }
  ],
  "meta": {
    "total": 2,
    "per_page": 10,
    "current_page": 1,
    "total_pages": 1,
    "has_next": false,
    "has_prev": false,
    "next_page": null,
    "prev_page": null
  }
}